{"cameraMode":{"drawMode":0,"name":"Shaded","section":"Shading Mode"},"sceneLighting":false,"audioPlay":false,"sceneViewState":{"m_AlwaysRefresh":false,"showFog":true,"showSkybox":false,"showFlares":true,"showImageEffects":true,"showParticleSystems":true,"showVisualEffectGraphs":true,"m_FxEnabled":true},"in2DMode":false,"pivot":{"x":-0.08649575710296631,"y":0.5834399461746216,"z":-0.5868346691131592},"rotation":{"x":0.027075598016381265,"y":0.9597695469856262,"z":-0.09941306710243225,"w":0.261248379945755},"size":1.7884454727172852,"orthographic":false}