{"cameraMode":{"drawMode":0,"name":"Shaded","section":"Shading Mode"},"sceneLighting":false,"audioPlay":false,"sceneViewState":{"showFog":true,"showMaterialUpdate":false,"showSkybox":false,"showFlares":true,"showImageEffects":true,"showParticleSystems":true,"showVisualEffectGraphs":true,"m_FxEnabled":true},"in2DMode":false,"pivot":{"x":-0.08955815434455872,"y":0.6284056305885315,"z":0.08242575079202652},"rotation":{"x":0.17726457118988038,"y":-0.7224154472351074,"z":0.2008768618106842,"w":0.6374642848968506},"size":0.6665235757827759,"orthographic":false}