{"cameraMode":{"drawMode":0,"name":"Shaded","section":"Shading Mode"},"sceneLighting":false,"audioPlay":false,"sceneViewState":{"showFog":true,"showMaterialUpdate":false,"showSkybox":false,"showFlares":true,"showImageEffects":true,"showParticleSystems":true,"showVisualEffectGraphs":true,"m_FxEnabled":true},"in2DMode":false,"pivot":{"x":0.15472659468650819,"y":0.2351440191268921,"z":0.039441466331481937},"rotation":{"x":0.17726457118988038,"y":-0.7224154472351074,"z":0.2008768618106842,"w":0.6374642848968506},"size":1.566523551940918,"orthographic":false}