{"cameraMode":{"drawMode":0,"name":"Shaded","section":"Shading Mode"},"sceneLighting":true,"audioPlay":false,"sceneViewState":{"m_AlwaysRefresh":false,"showFog":true,"showSkybox":true,"showFlares":true,"showImageEffects":true,"showParticleSystems":true,"showVisualEffectGraphs":true,"m_FxEnabled":true},"in2DMode":false,"pivot":{"x":-8.842384338378907,"y":-0.28325319290161135,"z":-2.3780312538146974},"rotation":{"x":-0.06869909912347794,"y":0.8546065092086792,"z":-0.11713695526123047,"w":-0.5012112855911255},"size":3.6872332096099855,"orthographic":false}