{"cameraMode":{"drawMode":0,"name":"Shaded","section":"Shading Mode"},"sceneLighting":true,"audioPlay":false,"sceneViewState":{"showFog":true,"showMaterialUpdate":false,"showSkybox":true,"showFlares":true,"showImageEffects":true,"showParticleSystems":true,"showVisualEffectGraphs":true,"m_FxEnabled":true},"in2DMode":false,"pivot":{"x":112.59510803222656,"y":1.3413147926330567,"z":137.7015838623047},"rotation":{"x":-0.06209653615951538,"y":0.9072186946868897,"z":-0.14436793327331544,"w":-0.3902123272418976},"size":0.28427189588546755,"orthographic":false}