{"cameraMode":{"drawMode":0,"name":"Shaded","section":"Shading Mode"},"sceneLighting":true,"audioPlay":false,"sceneViewState":{"showFog":true,"showMaterialUpdate":false,"showSkybox":true,"showFlares":true,"showImageEffects":true,"showParticleSystems":true,"showVisualEffectGraphs":true,"m_FxEnabled":true},"in2DMode":false,"pivot":{"x":-6.894399166107178,"y":1.1989023685455323,"z":0.33805811405181887},"rotation":{"x":0.022665025666356088,"y":-0.8864778876304627,"z":0.043666232377290729,"w":0.46017950773239138},"size":2.110008955001831,"orthographic":false}