{"cameraMode":{"drawMode":0,"name":"Shaded","section":"Shading Mode"},"sceneLighting":true,"audioPlay":false,"sceneViewState":{"showFog":true,"showMaterialUpdate":false,"showSkybox":true,"showFlares":true,"showImageEffects":true,"showParticleSystems":true,"showVisualEffectGraphs":true,"m_FxEnabled":true},"in2DMode":false,"pivot":{"x":111.13141632080078,"y":1.5069677829742432,"z":137.48956298828126},"rotation":{"x":0.12662625312805177,"y":0.8255466818809509,"z":-0.2049635797739029,"w":0.5103788375854492},"size":2.1157281398773195,"orthographic":false}