{"cameraMode":{"drawMode":0,"name":"Shaded","section":"Shading Mode"},"sceneLighting":true,"audioPlay":false,"sceneViewState":{"showFog":true,"showMaterialUpdate":false,"showSkybox":true,"showFlares":true,"showImageEffects":true,"showParticleSystems":true,"showVisualEffectGraphs":true,"m_FxEnabled":true},"in2DMode":false,"pivot":{"x":110.29647064208985,"y":0.6528326272964478,"z":137.52545166015626},"rotation":{"x":-0.2385077029466629,"y":0.22669079899787904,"z":-0.057278841733932498,"w":-0.9426050782203674},"size":1.877208948135376,"orthographic":false}