{"cameraMode":{"drawMode":0,"name":"Shaded","section":"Shading Mode"},"sceneLighting":true,"audioPlay":false,"sceneViewState":{"showFog":true,"showMaterialUpdate":false,"showSkybox":true,"showFlares":true,"showImageEffects":true,"showParticleSystems":true,"showVisualEffectGraphs":true,"m_FxEnabled":true},"in2DMode":false,"pivot":{"x":-3.462571144104004,"y":1.8008097410202027,"z":-2.4534409046173097},"rotation":{"x":-0.13554906845092774,"y":0.8396605849266052,"z":-0.24437400698661805,"w":-0.46572932600975039},"size":3.8621575832366945,"orthographic":false}