{"cameraMode":{"drawMode":0,"name":"Shaded","section":"Shading Mode"},"sceneLighting":true,"audioPlay":false,"sceneViewState":{"showFog":true,"showMaterialUpdate":false,"showSkybox":true,"showFlares":true,"showImageEffects":true,"showParticleSystems":true,"showVisualEffectGraphs":true,"m_FxEnabled":true},"in2DMode":false,"pivot":{"x":111.58271026611328,"y":0.9999971389770508,"z":137.40188598632813},"rotation":{"x":0.2025146633386612,"y":0.10794666409492493,"z":-0.022742683067917825,"w":0.973079264163971},"size":2.0842719078063967,"orthographic":false}