{"cameraMode":{"drawMode":0,"name":"Shaded","section":"Shading Mode"},"sceneLighting":true,"audioPlay":false,"sceneViewState":{"showFog":true,"showMaterialUpdate":false,"showSkybox":true,"showFlares":true,"showImageEffects":true,"showParticleSystems":true,"showVisualEffectGraphs":true,"m_FxEnabled":true},"in2DMode":false,"pivot":{"x":111.37969970703125,"y":0.6502951383590698,"z":135.77310180664063},"rotation":{"x":-0.009836033917963505,"y":0.9797320365905762,"z":-0.19382192194461823,"w":-0.04971381649374962},"size":4.092754364013672,"orthographic":false}