{"cameraMode":{"drawMode":0,"name":"Shaded","section":"Shading Mode"},"sceneLighting":true,"audioPlay":false,"sceneViewState":{"showFog":true,"showMaterialUpdate":false,"showSkybox":true,"showFlares":true,"showImageEffects":true,"showParticleSystems":true,"showVisualEffectGraphs":true,"m_FxEnabled":true},"in2DMode":false,"pivot":{"x":111.49847412109375,"y":1.4814317226409913,"z":136.96530151367188},"rotation":{"x":0.07578156143426895,"y":0.8825069069862366,"z":-0.15270821750164033,"w":0.43836307525634768},"size":1.497727394104004,"orthographic":false}