{"cameraMode":{"drawMode":0,"name":"Shaded","section":"Shading Mode"},"sceneLighting":false,"audioPlay":false,"sceneViewState":{"m_AlwaysRefresh":false,"showFog":true,"showSkybox":false,"showFlares":true,"showImageEffects":true,"showParticleSystems":true,"showVisualEffectGraphs":true,"m_FxEnabled":true},"in2DMode":false,"pivot":{"x":-6.219602108001709,"y":1.1696958541870118,"z":1.8908703327178956},"rotation":{"x":0.23838850855827332,"y":-0.06255697458982468,"z":0.015396163798868657,"w":0.9690369367599487},"size":1.6665987968444825,"orthographic":false}