{"cameraMode":{"drawMode":0,"name":"Shaded","section":"Shading Mode"},"sceneLighting":false,"audioPlay":false,"sceneViewState":{"m_AlwaysRefresh":false,"showFog":true,"showSkybox":false,"showFlares":true,"showImageEffects":true,"showParticleSystems":true,"showVisualEffectGraphs":true,"m_FxEnabled":true},"in2DMode":false,"pivot":{"x":3.0449728965759279,"y":-0.8024060726165772,"z":-0.6446021795272827},"rotation":{"x":-0.07593368738889694,"y":-0.9221838116645813,"z":0.29714569449424746,"w":-0.23563894629478455},"size":2.8242173194885256,"orthographic":false}