{"cameraMode":{"drawMode":0,"name":"Shaded","section":"Shading Mode"},"sceneLighting":false,"audioPlay":false,"sceneViewState":{"showFog":true,"showMaterialUpdate":false,"showSkybox":false,"showFlares":true,"showImageEffects":true,"showParticleSystems":true,"showVisualEffectGraphs":true,"m_FxEnabled":true},"in2DMode":false,"pivot":{"x":0.027477160096168519,"y":0.12167578190565109,"z":0.49567273259162905},"rotation":{"x":-0.15099741518497468,"y":-0.4795455038547516,"z":0.08411721140146256,"w":-0.8603364825248718},"size":1.0114939212799073,"orthographic":false}