{"cameraMode":{"drawMode":0,"name":"Shaded","section":"Shading Mode"},"sceneLighting":false,"audioPlay":false,"sceneViewState":{"m_AlwaysRefresh":false,"showFog":false,"showSkybox":false,"showFlares":false,"showImageEffects":false,"showParticleSystems":false,"showVisualEffectGraphs":true,"m_FxEnabled":true},"in2DMode":false,"pivot":{"x":-0.044189274311065677,"y":0.9833633899688721,"z":0.20289672911167146},"rotation":{"x":-0.07807284593582154,"y":-0.5810964107513428,"z":0.056138649582862857,"w":-0.8081353306770325},"size":0.43977558612823489,"orthographic":false}