{"cameraMode":{"drawMode":0,"name":"Shaded","section":"Shading Mode"},"sceneLighting":false,"audioPlay":false,"sceneViewState":{"m_AlwaysRefresh":false,"showFog":true,"showSkybox":false,"showFlares":true,"showImageEffects":true,"showParticleSystems":true,"showVisualEffectGraphs":true,"m_FxEnabled":true},"in2DMode":false,"pivot":{"x":-0.48769909143447878,"y":0.9223607778549194,"z":-0.4169772267341614},"rotation":{"x":0.0979495570063591,"y":0.5015983581542969,"z":-0.057287439703941348,"w":0.8576304912567139},"size":0.6395479440689087,"orthographic":false}