{"cameraMode":{"drawMode":0,"name":"Shaded","section":"Shading Mode"},"sceneLighting":false,"audioPlay":false,"sceneViewState":{"showFog":true,"showMaterialUpdate":false,"showSkybox":false,"showFlares":true,"showImageEffects":true,"showParticleSystems":true,"showVisualEffectGraphs":true,"m_FxEnabled":true},"in2DMode":false,"pivot":{"x":112.78172302246094,"y":0.7594952583312988,"z":136.24822998046876},"rotation":{"x":0.0005510190385393798,"y":-0.991080105304718,"z":0.13341374695301057,"w":0.003363807685673237},"size":0.45926719903945925,"orthographic":false}