{"cameraMode":{"drawMode":0,"name":"Shaded","section":"Shading Mode"},"sceneLighting":false,"audioPlay":false,"sceneViewState":{"showFog":true,"showMaterialUpdate":false,"showSkybox":false,"showFlares":true,"showImageEffects":true,"showParticleSystems":true,"showVisualEffectGraphs":true,"m_FxEnabled":true},"in2DMode":false,"pivot":{"x":113.51771545410156,"y":0.14973273873329163,"z":137.3565673828125},"rotation":{"x":-0.020008066669106485,"y":-0.9798056483268738,"z":0.14840619266033173,"w":-0.13269013166427613},"size":53.356136322021487,"orthographic":false}